-- ==============================================
-- ZhiPi Cloud - Full Database Dump
-- Generated: 2026-07-04
-- Encoding: UTF-8
-- ==============================================

SET NAMES utf8mb4;
SET FOREIGN_KEY_CHECKS=0;

-- --- Table: admin (1 rows) ---
INSERT INTO `admin` (`admin_id`, `name`, `password`, `created_at`) VALUES ('admin', 'system admin', '$2b$12$9rX.52aQJ4BeRf3V3HauBOAbS.SV6CDQMfF.g4wIMJe0B.f49dwMy', '2026-07-03 22:27:45');

-- --- Table: class (5 rows) ---
INSERT INTO `class` (`class_id`, `class_name`, `grade`, `department`, `created_at`) VALUES ('高三一班', '高三年级1班', '2025', '高中部', '2026-06-30 23:57:54');
INSERT INTO `class` (`class_id`, `class_name`, `grade`, `department`, `created_at`) VALUES ('高三三班', '高三年级3班', '2025', '高中部', '2026-06-30 23:57:54');
INSERT INTO `class` (`class_id`, `class_name`, `grade`, `department`, `created_at`) VALUES ('高三二班', '高三年级2班', '2025', '高中部', '2026-06-30 23:57:54');
INSERT INTO `class` (`class_id`, `class_name`, `grade`, `department`, `created_at`) VALUES ('高三五班', '高三年级5班', '2025', '高中部', '2026-06-30 23:57:54');
INSERT INTO `class` (`class_id`, `class_name`, `grade`, `department`, `created_at`) VALUES ('高三四班', '高三年级4班', '2025', '高中部', '2026-06-30 23:57:54');

-- --- Table: operation_log (0 rows) ---

-- --- Table: paper (2 rows) ---
INSERT INTO `paper` (`paper_id`, `title`, `subject`, `class_id`, `teacher_id`, `total_score`, `exam_date`, `status`, `answer_key`, `description`, `created_at`, `updated_at`) VALUES (1, '汇编语言小测', '汇编语言', '高三一班', 'T007', '100.00', '2025-06-27', 1, '{"q1": "A", "q2": "D", "q3": "D", "q4": "C", "q5": "A", "q6": "C", "q7": "B", "q8": "A", "q9": "B", "q10": "C", "q11": "D", "q12": "A", "q13": "B", "q14": "D", "q15": "D", "q16": "C", "q17": "C", "q18": "D"}', NULL, '2026-06-30 23:57:54', '2026-07-03 21:25:49');
INSERT INTO `paper` (`paper_id`, `title`, `subject`, `class_id`, `teacher_id`, `total_score`, `exam_date`, `status`, `answer_key`, `description`, `created_at`, `updated_at`) VALUES (4, '语文小测', '语文', '高三一班', 'T007', '150.00', '2026-07-03', 1, 'null', '', '2026-07-03 22:10:23', '2026-07-03 22:10:23');

-- --- Table: score (6 rows) ---
INSERT INTO `score` (`score_id`, `student_id`, `paper_id`, `subject`, `class_id`, `name`, `score`, `rank_in_class`, `rank_in_all`, `exam_date`, `ai_score`, `manual_score`, `status`, `answer_image`, `ai_result`, `created_at`, `updated_at`) VALUES (1, 'S032', 1, '汇编语言', '高三一班', '林浩然', '55.56', 6, NULL, '2025-06-27', '5.56', '50.00', 3, 'static/uploads/paper1_S032_20260701_142103.png', '{"q1": "A", "q2": "", "q3": "", "q4": "", "q5": "", "q6": "", "q7": "", "q8": "", "q9": "", "q10": "", "q11": "", "q12": "", "q13": "", "q14": "", "q15": "", "q16": "", "q17": "", "q18": ""}', '2026-06-30 23:57:54', '2026-07-03 21:28:35');
INSERT INTO `score` (`score_id`, `student_id`, `paper_id`, `subject`, `class_id`, `name`, `score`, `rank_in_class`, `rank_in_all`, `exam_date`, `ai_score`, `manual_score`, `status`, `answer_image`, `ai_result`, `created_at`, `updated_at`) VALUES (2, 'S033', 1, '汇编语言', '高三一班', '陈雨晴', '100.00', 2, NULL, '2025-06-27', '0.00', '100.00', 3, 'static/uploads/paper1_S033_20260701_215125.jpg', '{"q1": "D", "q2": "A", "q3": "C", "q4": "A", "q5": "", "q6": "B", "q7": "", "q8": "B", "q9": "", "q10": "D", "q11": "B", "q12": "D", "q13": "D", "q14": "B", "q15": "", "q16": "B", "q17": "", "q18": ""}', '2026-06-30 23:57:54', '2026-07-03 20:55:10');
INSERT INTO `score` (`score_id`, `student_id`, `paper_id`, `subject`, `class_id`, `name`, `score`, `rank_in_class`, `rank_in_all`, `exam_date`, `ai_score`, `manual_score`, `status`, `answer_image`, `ai_result`, `created_at`, `updated_at`) VALUES (3, 'S034', 1, '汇编语言', '高三一班', '王子轩', '100.00', 3, NULL, '2025-06-27', '0.00', '100.00', 2, 'static/uploads/paper1_S034_20260701_221231.jpg', '{"q1": "D", "q2": "A", "q3": "C", "q4": "A", "q5": "", "q6": "B", "q7": "", "q8": "B", "q9": "", "q10": "D", "q11": "B", "q12": "D", "q13": "D", "q14": "B", "q15": "", "q16": "B", "q17": "", "q18": ""}', '2026-06-30 23:57:54', '2026-07-03 23:16:01');
INSERT INTO `score` (`score_id`, `student_id`, `paper_id`, `subject`, `class_id`, `name`, `score`, `rank_in_class`, `rank_in_all`, `exam_date`, `ai_score`, `manual_score`, `status`, `answer_image`, `ai_result`, `created_at`, `updated_at`) VALUES (4, 'S035', 1, '汇编语言', '高三一班', '张思琪', '100.00', 4, NULL, '2025-06-27', '0.00', '100.00', 3, 'static/uploads/paper1_S035_20260703_205612.png', '{"q1": "", "q2": "", "q3": "", "q4": "", "q5": "", "q6": "", "q7": "", "q8": "", "q9": "", "q10": "", "q11": "", "q12": "", "q13": "", "q14": "", "q15": "", "q16": "", "q17": "", "q18": ""}', '2026-06-30 23:57:54', '2026-07-03 21:20:29');
INSERT INTO `score` (`score_id`, `student_id`, `paper_id`, `subject`, `class_id`, `name`, `score`, `rank_in_class`, `rank_in_all`, `exam_date`, `ai_score`, `manual_score`, `status`, `answer_image`, `ai_result`, `created_at`, `updated_at`) VALUES (5, 'S036', 1, '汇编语言', '高三一班', '刘子墨', '60.56', 5, NULL, '2025-06-27', '5.56', '55.00', 3, 'static/uploads/paper1_S036_20260703_210441.png', '{"q1": "C", "q2": "D", "q3": "", "q4": "", "q5": "", "q6": "", "q7": "", "q8": "", "q9": "", "q10": "", "q11": "", "q12": "", "q13": "", "q14": "", "q15": "", "q16": "", "q17": "", "q18": ""}', '2026-06-30 23:57:54', '2026-07-03 21:28:35');
INSERT INTO `score` (`score_id`, `student_id`, `paper_id`, `subject`, `class_id`, `name`, `score`, `rank_in_class`, `rank_in_all`, `exam_date`, `ai_score`, `manual_score`, `status`, `answer_image`, `ai_result`, `created_at`, `updated_at`) VALUES (6, 'S037', 1, '汇编语言', '高三一班', '周雅婷', '144.00', 1, NULL, '2025-06-27', '0.00', '144.00', 3, 'static/uploads/paper1_S037_20260701_222548.jpg', '{"q1": "D", "q2": "A", "q3": "C", "q4": "A", "q5": "", "q6": "B", "q7": "", "q8": "B", "q9": "", "q10": "D", "q11": "B", "q12": "D", "q13": "D", "q14": "B", "q15": "", "q16": "B", "q17": "", "q18": ""}', '2026-06-30 23:57:54', '2026-07-03 20:55:10');

-- --- Table: student (31 rows) ---
INSERT INTO `student` (`student_id`, `name`, `class_id`, `password`, `phone`, `created_at`, `updated_at`) VALUES ('S001', '爻光', '高三四班', '$2b$12$8MVnxUFDpXX2/9UfIT3x/Oaknt07dcLofGsjpVO/JoD1buxkIGfqK', '13912345678', '2026-07-03 22:40:50', '2026-07-03 22:40:50');
INSERT INTO `student` (`student_id`, `name`, `class_id`, `password`, `phone`, `created_at`, `updated_at`) VALUES ('S032', '林浩然', '高三一班', '$2b$12$j9V0TqqtVKEmtLmBVCC8B..ztXDOHFkXQ5onX.0nbV9uSKunLyEVC', '13900000032', '2026-06-30 23:57:54', '2026-06-30 23:57:54');
INSERT INTO `student` (`student_id`, `name`, `class_id`, `password`, `phone`, `created_at`, `updated_at`) VALUES ('S033', '陈雨晴', '高三一班', '$2b$12$j9V0TqqtVKEmtLmBVCC8B..ztXDOHFkXQ5onX.0nbV9uSKunLyEVC', '13900000033', '2026-06-30 23:57:54', '2026-06-30 23:57:54');
INSERT INTO `student` (`student_id`, `name`, `class_id`, `password`, `phone`, `created_at`, `updated_at`) VALUES ('S034', '王子轩', '高三一班', '$2b$12$j9V0TqqtVKEmtLmBVCC8B..ztXDOHFkXQ5onX.0nbV9uSKunLyEVC', '13900000034', '2026-06-30 23:57:54', '2026-06-30 23:57:54');
INSERT INTO `student` (`student_id`, `name`, `class_id`, `password`, `phone`, `created_at`, `updated_at`) VALUES ('S035', '张思琪', '高三一班', '$2b$12$j9V0TqqtVKEmtLmBVCC8B..ztXDOHFkXQ5onX.0nbV9uSKunLyEVC', '13900000035', '2026-06-30 23:57:54', '2026-06-30 23:57:54');
INSERT INTO `student` (`student_id`, `name`, `class_id`, `password`, `phone`, `created_at`, `updated_at`) VALUES ('S036', '刘子墨', '高三一班', '$2b$12$j9V0TqqtVKEmtLmBVCC8B..ztXDOHFkXQ5onX.0nbV9uSKunLyEVC', '13900000036', '2026-06-30 23:57:54', '2026-06-30 23:57:54');
INSERT INTO `student` (`student_id`, `name`, `class_id`, `password`, `phone`, `created_at`, `updated_at`) VALUES ('S037', '周雅婷', '高三一班', '$2b$12$j9V0TqqtVKEmtLmBVCC8B..ztXDOHFkXQ5onX.0nbV9uSKunLyEVC', '13900000037', '2026-06-30 23:57:54', '2026-06-30 23:57:54');
INSERT INTO `student` (`student_id`, `name`, `class_id`, `password`, `phone`, `created_at`, `updated_at`) VALUES ('S038', '吴俊杰', '高三二班', '$2b$12$j9V0TqqtVKEmtLmBVCC8B..ztXDOHFkXQ5onX.0nbV9uSKunLyEVC', '13900000038', '2026-06-30 23:57:54', '2026-06-30 23:57:54');
INSERT INTO `student` (`student_id`, `name`, `class_id`, `password`, `phone`, `created_at`, `updated_at`) VALUES ('S039', '郑欣怡', '高三二班', '$2b$12$j9V0TqqtVKEmtLmBVCC8B..ztXDOHFkXQ5onX.0nbV9uSKunLyEVC', '13900000039', '2026-06-30 23:57:54', '2026-06-30 23:57:54');
INSERT INTO `student` (`student_id`, `name`, `class_id`, `password`, `phone`, `created_at`, `updated_at`) VALUES ('S040', '孙浩宇', '高三二班', '$2b$12$j9V0TqqtVKEmtLmBVCC8B..ztXDOHFkXQ5onX.0nbV9uSKunLyEVC', '13900000040', '2026-06-30 23:57:54', '2026-06-30 23:57:54');
INSERT INTO `student` (`student_id`, `name`, `class_id`, `password`, `phone`, `created_at`, `updated_at`) VALUES ('S041', '黄诗涵', '高三二班', '$2b$12$j9V0TqqtVKEmtLmBVCC8B..ztXDOHFkXQ5onX.0nbV9uSKunLyEVC', '13900000041', '2026-06-30 23:57:54', '2026-06-30 23:57:54');
INSERT INTO `student` (`student_id`, `name`, `class_id`, `password`, `phone`, `created_at`, `updated_at`) VALUES ('S042', '徐晨曦', '高三二班', '$2b$12$j9V0TqqtVKEmtLmBVCC8B..ztXDOHFkXQ5onX.0nbV9uSKunLyEVC', '13900000042', '2026-06-30 23:57:54', '2026-06-30 23:57:54');
INSERT INTO `student` (`student_id`, `name`, `class_id`, `password`, `phone`, `created_at`, `updated_at`) VALUES ('S043', '杨子萱', '高三二班', '$2b$12$j9V0TqqtVKEmtLmBVCC8B..ztXDOHFkXQ5onX.0nbV9uSKunLyEVC', '13900000043', '2026-06-30 23:57:54', '2026-06-30 23:57:54');
INSERT INTO `student` (`student_id`, `name`, `class_id`, `password`, `phone`, `created_at`, `updated_at`) VALUES ('S044', '马天翔', '高三三班', '$2b$12$j9V0TqqtVKEmtLmBVCC8B..ztXDOHFkXQ5onX.0nbV9uSKunLyEVC', '13900000044', '2026-06-30 23:57:54', '2026-06-30 23:57:54');
INSERT INTO `student` (`student_id`, `name`, `class_id`, `password`, `phone`, `created_at`, `updated_at`) VALUES ('S045', '罗婉清', '高三三班', '$2b$12$j9V0TqqtVKEmtLmBVCC8B..ztXDOHFkXQ5onX.0nbV9uSKunLyEVC', '13900000045', '2026-06-30 23:57:54', '2026-06-30 23:57:54');
INSERT INTO `student` (`student_id`, `name`, `class_id`, `password`, `phone`, `created_at`, `updated_at`) VALUES ('S046', '谢明辉', '高三三班', '$2b$12$j9V0TqqtVKEmtLmBVCC8B..ztXDOHFkXQ5onX.0nbV9uSKunLyEVC', '13900000046', '2026-06-30 23:57:54', '2026-06-30 23:57:54');
INSERT INTO `student` (`student_id`, `name`, `class_id`, `password`, `phone`, `created_at`, `updated_at`) VALUES ('S047', '唐佳怡', '高三三班', '$2b$12$j9V0TqqtVKEmtLmBVCC8B..ztXDOHFkXQ5onX.0nbV9uSKunLyEVC', '13900000047', '2026-06-30 23:57:54', '2026-06-30 23:57:54');
INSERT INTO `student` (`student_id`, `name`, `class_id`, `password`, `phone`, `created_at`, `updated_at`) VALUES ('S048', '许文博', '高三三班', '$2b$12$j9V0TqqtVKEmtLmBVCC8B..ztXDOHFkXQ5onX.0nbV9uSKunLyEVC', '13900000048', '2026-06-30 23:57:54', '2026-06-30 23:57:54');
INSERT INTO `student` (`student_id`, `name`, `class_id`, `password`, `phone`, `created_at`, `updated_at`) VALUES ('S049', '韩梦瑶', '高三三班', '$2b$12$j9V0TqqtVKEmtLmBVCC8B..ztXDOHFkXQ5onX.0nbV9uSKunLyEVC', '13900000049', '2026-06-30 23:57:54', '2026-06-30 23:57:54');
INSERT INTO `student` (`student_id`, `name`, `class_id`, `password`, `phone`, `created_at`, `updated_at`) VALUES ('S050', '冯子豪', '高三四班', '$2b$12$j9V0TqqtVKEmtLmBVCC8B..ztXDOHFkXQ5onX.0nbV9uSKunLyEVC', '13900000050', '2026-06-30 23:57:54', '2026-06-30 23:57:54');
INSERT INTO `student` (`student_id`, `name`, `class_id`, `password`, `phone`, `created_at`, `updated_at`) VALUES ('S051', '董思远', '高三四班', '$2b$12$j9V0TqqtVKEmtLmBVCC8B..ztXDOHFkXQ5onX.0nbV9uSKunLyEVC', '13900000051', '2026-06-30 23:57:54', '2026-06-30 23:57:54');
INSERT INTO `student` (`student_id`, `name`, `class_id`, `password`, `phone`, `created_at`, `updated_at`) VALUES ('S052', '程雨萱', '高三四班', '$2b$12$j9V0TqqtVKEmtLmBVCC8B..ztXDOHFkXQ5onX.0nbV9uSKunLyEVC', '13900000052', '2026-06-30 23:57:54', '2026-06-30 23:57:54');
INSERT INTO `student` (`student_id`, `name`, `class_id`, `password`, `phone`, `created_at`, `updated_at`) VALUES ('S053', '曹铭泽', '高三四班', '$2b$12$j9V0TqqtVKEmtLmBVCC8B..ztXDOHFkXQ5onX.0nbV9uSKunLyEVC', '13900000053', '2026-06-30 23:57:54', '2026-06-30 23:57:54');
INSERT INTO `student` (`student_id`, `name`, `class_id`, `password`, `phone`, `created_at`, `updated_at`) VALUES ('S054', '袁紫月', '高三四班', '$2b$12$j9V0TqqtVKEmtLmBVCC8B..ztXDOHFkXQ5onX.0nbV9uSKunLyEVC', '13900000054', '2026-06-30 23:57:54', '2026-06-30 23:57:54');
INSERT INTO `student` (`student_id`, `name`, `class_id`, `password`, `phone`, `created_at`, `updated_at`) VALUES ('S055', '邓皓阳', '高三四班', '$2b$12$j9V0TqqtVKEmtLmBVCC8B..ztXDOHFkXQ5onX.0nbV9uSKunLyEVC', '13900000055', '2026-06-30 23:57:54', '2026-06-30 23:57:54');
INSERT INTO `student` (`student_id`, `name`, `class_id`, `password`, `phone`, `created_at`, `updated_at`) VALUES ('S056', '蒋文轩', '高三五班', '$2b$12$j9V0TqqtVKEmtLmBVCC8B..ztXDOHFkXQ5onX.0nbV9uSKunLyEVC', '13900000056', '2026-06-30 23:57:54', '2026-06-30 23:57:54');
INSERT INTO `student` (`student_id`, `name`, `class_id`, `password`, `phone`, `created_at`, `updated_at`) VALUES ('S057', '蔡静雯', '高三五班', '$2b$12$j9V0TqqtVKEmtLmBVCC8B..ztXDOHFkXQ5onX.0nbV9uSKunLyEVC', '13900000057', '2026-06-30 23:57:54', '2026-06-30 23:57:54');
INSERT INTO `student` (`student_id`, `name`, `class_id`, `password`, `phone`, `created_at`, `updated_at`) VALUES ('S058', '潘志强', '高三五班', '$2b$12$j9V0TqqtVKEmtLmBVCC8B..ztXDOHFkXQ5onX.0nbV9uSKunLyEVC', '13900000058', '2026-06-30 23:57:54', '2026-06-30 23:57:54');
INSERT INTO `student` (`student_id`, `name`, `class_id`, `password`, `phone`, `created_at`, `updated_at`) VALUES ('S059', '范雨桐', '高三五班', '$2b$12$j9V0TqqtVKEmtLmBVCC8B..ztXDOHFkXQ5onX.0nbV9uSKunLyEVC', '13900000059', '2026-06-30 23:57:54', '2026-06-30 23:57:54');
INSERT INTO `student` (`student_id`, `name`, `class_id`, `password`, `phone`, `created_at`, `updated_at`) VALUES ('S060', '石浩然', '高三五班', '$2b$12$j9V0TqqtVKEmtLmBVCC8B..ztXDOHFkXQ5onX.0nbV9uSKunLyEVC', '13900000060', '2026-06-30 23:57:54', '2026-06-30 23:57:54');
INSERT INTO `student` (`student_id`, `name`, `class_id`, `password`, `phone`, `created_at`, `updated_at`) VALUES ('S061', '钟灵秀', '高三五班', '$2b$12$j9V0TqqtVKEmtLmBVCC8B..ztXDOHFkXQ5onX.0nbV9uSKunLyEVC', '13900000061', '2026-06-30 23:57:54', '2026-06-30 23:57:54');

-- --- Table: teacher (5 rows) ---
INSERT INTO `teacher` (`teacher_id`, `name`, `class_id`, `subject`, `password`, `task`, `phone`, `created_at`, `updated_at`) VALUES ('T007', '李文华', '高三一班', '语文', '$2b$12$j9V0TqqtVKEmtLmBVCC8B..ztXDOHFkXQ5onX.0nbV9uSKunLyEVC', 6, '13800000007', '2026-06-30 23:57:54', '2026-06-30 23:57:54');
INSERT INTO `teacher` (`teacher_id`, `name`, `class_id`, `subject`, `password`, `task`, `phone`, `created_at`, `updated_at`) VALUES ('T008', '张建国', '高三二班', '数学', '$2b$12$j9V0TqqtVKEmtLmBVCC8B..ztXDOHFkXQ5onX.0nbV9uSKunLyEVC', 0, '13800000008', '2026-06-30 23:57:54', '2026-06-30 23:57:54');
INSERT INTO `teacher` (`teacher_id`, `name`, `class_id`, `subject`, `password`, `task`, `phone`, `created_at`, `updated_at`) VALUES ('T009', '陈晓燕', '高三三班', '外语', '$2b$12$j9V0TqqtVKEmtLmBVCC8B..ztXDOHFkXQ5onX.0nbV9uSKunLyEVC', 0, '13800000009', '2026-06-30 23:57:54', '2026-06-30 23:57:54');
INSERT INTO `teacher` (`teacher_id`, `name`, `class_id`, `subject`, `password`, `task`, `phone`, `created_at`, `updated_at`) VALUES ('T010', '王志强', '高三四班', '物理', '$2b$12$j9V0TqqtVKEmtLmBVCC8B..ztXDOHFkXQ5onX.0nbV9uSKunLyEVC', 0, '13800000010', '2026-07-03 23:38:37', '2026-07-03 23:38:37');
INSERT INTO `teacher` (`teacher_id`, `name`, `class_id`, `subject`, `password`, `task`, `phone`, `created_at`, `updated_at`) VALUES ('T011', '赵丽敏', '高三五班', '历史', '$2b$12$j9V0TqqtVKEmtLmBVCC8B..ztXDOHFkXQ5onX.0nbV9uSKunLyEVC', 0, '13800000011', '2026-07-03 23:38:37', '2026-07-03 23:38:37');

SET FOREIGN_KEY_CHECKS=1;
